[
    {
        "sector": "Agriculture, Forestry and Fishing",
        "value": 0.60
    },
    {
        "sector": "Mining and quarrying",
        "value": 0.02
    },
    {
        "sector": "Manufacturing",
        "value": 13.49
    },
    {
        "sector": "Electricity, Gas, Steam and Air Conditioning Supply",
        "value": 1.04
    },
    {
        "sector": "Water Supply, Sewerage, Waste Management and Remediation Activities",
        "value": 0.08
    },
    {
        "sector": "Construction ",
        "value": 0.77
    },
    {
        "sector": "Wholesale and Retail Trade, Repair of Motor Vehicles and Motorcycles",
        "value": 0.97
    },
    {
        "sector": "Transportation and Storage",
        "value": 0.47
    },
    {
        "sector": "Accommodation and Food Service Activities",
        "value": 0.49
    },
    {
        "sector": "Information and Communication",
        "value": 1.06
    },
    {
        "sector": "Financial and Insurance Activities",
        "value": 2.77
    },
    {
        "sector": "Real estate",
        "value": 0.30
    },
    {
        "sector": "Professional, Scientific and Technical Activities",
        "value": 19.26
    },
    {
        "sector": "Administrative and Support Service Activities",
        "value": 0.94
    },
    {
        "sector": "Public Administration and Defence, Compulsory Social Security",
        "value": 0.73
    },
    {
        "sector": "Education ",
        "value": 1.47
    },
    {
        "sector": "Human Health and Social Work Activities",
        "value": 4.73
    },
    {
        "sector": "Arts and entertainment",
        "value": 0.37
    },
    {
        "sector": "Other service activities",
        "value": 0.23
    },
    {
        "sector": "Activities of Households as Employers",
        "value": 0.11
    }
]