[
    {
        "country": "Austria",
        "value": 3333.3
    },
    {
        "country": "Belgium",
        "value": 3322.8
    },
    {
        "country": "Bulgaria",
        "value": 2734.1
    },
    {
        "country": "Croatia",
        "value": 3758.5
    },
    {
        "country": "Cyprus",
        "value": 2936.1
    },
    {
        "country": "Czech Republic",
        "value": 3988.0
    },
    {
        "country": "Denmark",
        "value": 3960.8
    },
    {
        "country": "Estonia",
        "value": 4735.9
    },
    {
        "country": "Finland",
        "value": 7259.9
    },
    {
        "country": "France",
        "value": 3664.7
    },
    {
        "country": "Germany",
        "value": 4042.2
    },
    {
        "country": "Greece",
        "value": 3272.5
    },
    {
        "country": "Hungary",
        "value": 4854.0
    },
    {
        "country": "Iceland",
        "value": 3572.2
    },
    {
        "country": "Ireland",
        "value": 3783.3
    },
    {
        "country": "Italy",
        "value": 2873.6
    },
    {
        "country": "Latvia",
        "value": 2805.5
    },
    {
        "country": "Lithuania",
        "value": 2959.5
    },
    {
        "country": "Luxembourg",
        "value": 8478.3
    },
    {
        "country": "Malta",
        "value": 3673.7
    },
    {
        "country": "Netherlands",
        "value": 3806.9
    },
    {
        "country": "Norway",
        "value": 2954.0
    },
    {
        "country": "Poland",
        "value": 3563.2
    },
    {
        "country": "Portugal",
        "value": 4051.9
    },
    {
        "country": "Macedonia",
        "value": 2816.9
    },
    {
        "country": "Romania",
        "value": 3769.5
    },
    {
        "country": "Slovakia",
        "value": 1815.1
    },
    {
        "country": "Slovenia",
        "value": 6189.4
    },
    {
        "country": "Spain",
        "value": 3191.7
    },
    {
        "country": "Sweden",
        "value": 4551.4
    },
    {
        "country": "Switzerland",
        "value": 4997.4
    },
    {
        "country": "Turkey",
        "value": 1530.7
    }
]